<?xml version="1.0" encoding="UTF-8"?>
<project-private xmlns="http://www.netbeans.org/ns/project-private/1">
    <editor-bookmarks xmlns="http://www.netbeans.org/ns/editor-bookmarks/2" lastBookmarkId="0"/>
    <open-files xmlns="http://www.netbeans.org/ns/projectui-open-files/2">
        <group>
            <file>file:/home/alumno/NetBeansProjects/EstructDinamicas/src/estructdinamicas/Cola.java</file>
            <file>file:/home/alumno/NetBeansProjects/EstructDinamicas/src/estructdinamicas/EstructDinamicas.java</file>
            <file>file:/home/alumno/NetBeansProjects/EstructDinamicas/src/estructdinamicas/Pila.java</file>
            <file>file:/home/alumno/NetBeansProjects/EstructDinamicas/src/estructdinamicas/Lista.java</file>
            <file>file:/home/alumno/NetBeansProjects/EstructDinamicas/src/estructdinamicas/ColaConFinal.java</file>
        </group>
    </open-files>
</project-private>
