<?xml version="1.0" encoding="UTF-8"?>
<project-private xmlns="http://www.netbeans.org/ns/project-private/1">
    <editor-bookmarks xmlns="http://www.netbeans.org/ns/editor-bookmarks/2" lastBookmarkId="0"/>
    <open-files xmlns="http://www.netbeans.org/ns/projectui-open-files/2">
        <group>
            <file>file:/home/alumno/Escritorio/ejercicios/IESVBLibreros/src/lanzador/IESVBLibreros.java</file>
            <file>file:/home/alumno/Escritorio/ejercicios/IESVBLibreros/src/iesvblibreros/Libros.java</file>
            <file>file:/home/alumno/Escritorio/ejercicios/IESVBLibreros/src/iesvblibreros/Libro.java</file>
            <file>file:/home/alumno/Escritorio/ejercicios/IESVBLibreros/src/iesvblibreros/Manual.java</file>
            <file>file:/home/alumno/Escritorio/ejercicios/IESVBLibreros/src/iesvblibreros/Libreria.java</file>
            <file>file:/home/alumno/Escritorio/ejercicios/IESVBLibreros/src/iesvblibreros/Articulo.java</file>
            <file>file:/home/alumno/Escritorio/ejercicios/IESVBLibreros/src/iesvblibreros/Agenda.java</file>
        </group>
    </open-files>
</project-private>
